{
    "forceUpdate": {
        "enable": false,
        "isForce": false,
        "url": "",
        "updateMessage": "发现新版本，更新如下\n1、惺惺惜惺惺；\n2、一月又一月晕；\n3、吾问无为谓无",
    },
    "menus": [{
              "title": "手机壁纸",
              "menuId": "kPicture",
              "type": "4",
              "rooturl": "http://localhost/iHappy/meizi/query",
              "enable": true,
              "subMenus": [{
                           "title": "美女",
                           "url": "/wallMV/"
                           }, {
                           "title": "明星",
                           "url": "/wallMX/"
                           }, {
                           "title": "车模",
                           "url": "/wallCM/"
                           }, {
                           "title": "动漫",
                           "url": "/wallDM/"
                           }, {
                           "title": "卡通",
                           "url": "/wallKT/"
                           },
                           
                           {
                           "title": "爱情",
                           "url": "/wallAQ/"
                           }, {
                           "title": "游戏",
                           "url": "/wallYX/"
                           }, {
                           "title": "影视",
                           "url": "/wallYS/"
                           }, {
                           "title": "汽车",
                           "url": "/wallQC/"
                           }, {
                           "title": "体育",
                           "url": "/wallTY/"
                           },
                           
                           {
                           "title": "风景",
                           "url": "/wallQF/J"
                           }, {
                           "title": "品牌",
                           "url": "/wallPP/"
                           }, {
                           "title": "爱情",
                           "url": "/wallAQ/"
                           }, {
                           "title": "可爱",
                           "url": "/wallKA/"
                           }, {
                           "title": "节日",
                           "url": "/wallJR/"
                           },
                           
                           {
                           "title": "建筑",
                           "url": "/wallJZ/"
                           }, {
                           "title": "植物",
                           "url": "/wallZW/"
                           }, {
                           "title": "动物",
                           "url": "/wallSW/"
                           }, {
                           "title": "创意",
                           "url": "/wallCY/"
                           }, {
                           "title": "精美",
                           "url": "/wallQT/"
                           }, ],
              }, {
              "title": "首页",
              "menuId": "kHome",
              "type": "0",
              "rooturl": "http://www.q2002.com",
              "enable": true,
              "subMenus": [{
                           "title": "电影",
                           "url": "/type/1.html"
                           }, {
                           "title": "电视剧",
                           "url": "/type/2.html"
                           }, {
                           "title": "动漫",
                           "url": "/type/7.html"
                           }, {
                           "title": "音乐",
                           "url": "/type/6.html"
                           }, {
                           "title": "综艺",
                           "url": "/type/4.html"
                           }, {
                           "title": "福利",
                           "url": "/type/3.html"
                           }, {
                           "title": "WWE",
                           "url": "/type/18.html"
                           }, ],
              },
              
              {
              "title": "头条新闻",
              "menuId": "kNews",
              "type": "3",
              "enable": true,
              "rooturl": "http://120.76.205.241:8000/news/qihoo?apikey=cz1wjvkzGtuomNDXgLxmdq5aIwgytQvHHe0Dc8OcfHQva6hKQgDoDyBdUAQngGt6&site=qq.com",
              "subMenus": [{
                           "title": "推荐",
                           "url": ""
                           }, {
                           "title": "头条",
                           "url": ""
                           }, {
                           "title": "娱乐",
                           "url": ""
                           }, {
                           "title": "科技",
                           "url": ""
                           }, {
                           "title": "财经",
                           "url": ""
                           }, {
                           "title": "体育",
                           "url": ""
                           }, {
                           "title": "房产",
                           "url": ""
                           }, {
                           "title": "图片",
                           "url": ""
                           }, {
                           "title": "时尚",
                           "url": ""
                           },  {
                           "title": "国际",
                           "url": ""
                           }, ],
              }, ]
}
