{
    "RECORDS": [
        {
            "ekey": "53b711843864133eeb2d0b1b04ebe82210",
            "md5key": "53b711843864133eeb2d0b1b04ebe822",
            "title": "高清中字",
            "href": "/play/38901/1/1.html",
            "sort": "0",
            "section": "1"
        },
        {
            "ekey": "65966d20ffbcbc78deba1b580558f4cf10",
            "md5key": "65966d20ffbcbc78deba1b580558f4cf",
            "title": "第1集",
            "href": "/play/44805/1/1.html",
            "sort": "0",
            "section": "1"
        },
        {
            "ekey": "65966d20ffbcbc78deba1b580558f4cf11",
            "md5key": "65966d20ffbcbc78deba1b580558f4cf",
            "title": "第2集",
            "href": "/play/44805/1/2.html",
            "sort": "1",
            "section": "1"
        }
    ]
}